{"C": 5216997.754999983, "P": -7780035.491000001, "n": 1000}