{"C": 11475313.499000007, "P": 6059841.956000002, "n": 1000}