{"C": -10671256.09299999, "P": 2741548.147999999, "n": 1000}