{"C": -21147315.70199998, "P": -7773329.497999998, "n": 1000}