{"C": 1916781.5380000009, "P": -2088059.9160000002, "n": 1000}