{"C": -6873366.492999996, "P": 10369732.94099999, "n": 1000}