{"C": -16727239.409999989, "P": 403241.4869999988, "n": 1000}