{"C": 6520826.108999996, "P": 15294086.240999985, "n": 1000}