{"C": 23557334.891999986, "P": -10453839.736000005, "n": 1000}