{"C": 39494475.27199998, "P": 10191339.985000005, "n": 1000}