{"C": 15046246.66899999, "P": -6730980.154000003, "n": 1000}