{"C": 9537886.395999987, "P": -3649779.3680000063, "n": 1000}