{"C": 15193797.422000004, "P": 4421625.324999999, "n": 1000}