{"C": 8582709.958999997, "P": -196439.37999999902, "n": 1000}