{"C": -6833077.916000025, "P": -5402002.01799999, "n": 1000}