{"C": 12421115.760000004, "P": -4758471.465000004, "n": 1000}