{"C": -43369319.42399997, "P": 13428850.230000006, "n": 1000}