{"C": 2084947.1899999992, "P": -2489896.1900000046, "n": 1000}