{"C": 14703157.880000005, "P": 5361836.099999995, "n": 1000}