{"C": -2206859.8199999994, "P": 8924176.520000001, "n": 1000}