{"C": 18735492.179999985, "P": -3217519.0800000085, "n": 1000}