{"C": -14315749.270000003, "P": -7644744.6099999985, "n": 1000}