{"C": 12890314.230000002, "P": 11947310.639999999, "n": 1000}