{"C": 13065795.710000014, "P": 8615017.340000002, "n": 1000}