{"C": 401995.51999999804, "P": 3227892.300000001, "n": 1000}