{"C": -10638063.220000008, "P": 20288095.110000025, "n": 1000}