{"C": 2030978.3200000022, "P": 8638806.169999992, "n": 1000}