{"C": 2796988.3799999957, "P": -6301770.259999995, "n": 1000}