{"C": 45000131.03000002, "P": 8823397.539999995, "n": 1000}