{"C": -7410490.690000006, "P": 4208340.860000004, "n": 1000}