{"C": -1300123.4800000007, "P": 4496981.039999993, "n": 1000}