{"C": -3085342.679999994, "P": 3056663.4099999983, "n": 1000}