{"C": -12587840.400000012, "P": -9546812.960000003, "n": 1000}